Year,State,Smoke everyday,Smoke some days,Former smoker,Never smoked,Location 1
2009,Georgia,0.13,0.05,0.22,0.6,"Georgia
(32.83967999993223, -83.62758000031658)"
2006,Indiana,0.19,0.06,0.23,0.53,"Indiana
(39.76690999989677, -86.14996000035359)"
1998,Louisiana,0.21,0.05,0.2,0.55,"Louisiana
(31.31265999975932, -92.44567999993188)"